[
 {"Stadt":"Aarau"},
 {"Stadt":"Adliswil"},
 {"Stadt":"Aesch"},
 {"Stadt":"Affoltern am Albis"},
 {"Stadt":"Aigle"},
 {"Stadt":"Allschwil"},
 {"Stadt":"Altstätten"},
 {"Stadt":"Amriswil"},
 {"Stadt":"Arbon"},
 {"Stadt":"Arth"},
 {"Stadt":"Baar"},
 {"Stadt":"Baden"},
 {"Stadt":"Basel"},
 {"Stadt":"Bassersdorf"},
 {"Stadt":"Bellinzona"},
 {"Stadt":"Belp"},
 {"Stadt":"Bern"},
 {"Stadt":"Bernex"},
 {"Stadt":"Biel/Bienne"},
 {"Stadt":"Binningen"},
 {"Stadt":"Birsfelden"},
 {"Stadt":"Brig-Glis"},
 {"Stadt":"Brugg"},
 {"Stadt":"Buchs"},
 {"Stadt":"Bülach"},
 {"Stadt":"Bulle"},
 {"Stadt":"Burgdorf"},
 {"Stadt":"Carouge"},
 {"Stadt":"Cham"},
 {"Stadt":"Chêne-Bougeries"},
 {"Stadt":"Chur"},
 {"Stadt":"Crans-Montana"},
 {"Stadt":"Davos"},
 {"Stadt":"Delsberg"},
 {"Stadt":"Dietikon"},
 {"Stadt":"Dübendorf"},
 {"Stadt":"Ebikon"},
 {"Stadt":"Ecublens"},
 {"Stadt":"Einsiedeln"},
 {"Stadt":"Emmen"},
 {"Stadt":"Flawil"},
 {"Stadt":"Frauenfeld"},
 {"Stadt":"Freiburg"},
 {"Stadt":"Freienbach"},
 {"Stadt":"Genf"},
 {"Stadt":"Gland"},
 {"Stadt":"Glarus"},
 {"Stadt":"Glarus Nord"},
 {"Stadt":"Gossau"},
 {"Stadt":"Gossau"},
 {"Stadt":"Grenchen"},
 {"Stadt":"Herisau"},
 {"Stadt":"Hinwil"},
 {"Stadt":"Horgen"},
 {"Stadt":"Horw"},
 {"Stadt":"Illnau-Effretikon"},
 {"Stadt":"Ittigen"},
 {"Stadt":"Kloten"},
 {"Stadt":"Köniz"},
 {"Stadt":"Kreuzlingen"},
 {"Stadt":"Kriens"},
 {"Stadt":"Küsnacht"},
 {"Stadt":"Küssnacht SZ"},
 {"Stadt":"La Chaux-de-Fonds"},
 {"Stadt":"La Tour-de-Peilz"},
 {"Stadt":"Lancy"},
 {"Stadt":"Langenthal"},
 {"Stadt":"Lausanne"},
 {"Stadt":"Le Grand-Saconnex"},
 {"Stadt":"Lenzburg"},
 {"Stadt":"Liestal"},
 {"Stadt":"Locarno"},
 {"Stadt":"Lugano"},
 {"Stadt":"Lutry"},
 {"Stadt":"Luzern"},
 {"Stadt":"Lyss"},
 {"Stadt":"Männedorf"},
 {"Stadt":"Martigny"},
 {"Stadt":"Maur"},
 {"Stadt":"Meilen"},
 {"Stadt":"Mendrisio"},
 {"Stadt":"Meyrin"},
 {"Stadt":"Möhlin"},
 {"Stadt":"Monthey"},
 {"Stadt":"Montreux"},
 {"Stadt":"Morges"},
 {"Stadt":"Münchenbuchsee"},
 {"Stadt":"Münchenstein"},
 {"Stadt":"Münsingen"},
 {"Stadt":"Muri bei Bern"},
 {"Stadt":"Muttenz"},
 {"Stadt":"Naters"},
 {"Stadt":"Neuenburg"},
 {"Stadt":"Neuhausen am Rheinfall"},
 {"Stadt":"Nyon"},
 {"Stadt":"Oberwil"},
 {"Stadt":"Oftringen"},
 {"Stadt":"Olten"},
 {"Stadt":"Onex"},
 {"Stadt":"Opfikon"},
 {"Stadt":"Ostermundigen"},
 {"Stadt":"Payerne"},
 {"Stadt":"Pfäffikon"},
 {"Stadt":"Plan-les-Ouates"},
 {"Stadt":"Pratteln"},
 {"Stadt":"Prilly"},
 {"Stadt":"Pully"},
 {"Stadt":"Rapperswil-Jona"},
 {"Stadt":"Regensdorf"},
 {"Stadt":"Reinach"},
 {"Stadt":"Renens"},
 {"Stadt":"Rheinfelden"},
 {"Stadt":"Richterswil"},
 {"Stadt":"Riehen"},
 {"Stadt":"Risch"},
 {"Stadt":"Romanshorn"},
 {"Stadt":"Rüti"},
 {"Stadt":"Sarnen"},
 {"Stadt":"Schaffhausen"},
 {"Stadt":"Schlieren"},
 {"Stadt":"Schwyz"},
 {"Stadt":"Siders"},
 {"Stadt":"Sitten"},
 {"Stadt":"Solothurn"},
 {"Stadt":"Spiez"},
 {"Stadt":"Spreitenbach"},
 {"Stadt":"St. Gallen"},
 {"Stadt":"Stäfa"},
 {"Stadt":"Steffisburg"},
 {"Stadt":"Steinhausen"},
 {"Stadt":"Suhr"},
 {"Stadt":"Sursee"},
 {"Stadt":"Thalwil"},
 {"Stadt":"Thônex"},
 {"Stadt":"Thun"},
 {"Stadt":"Urdorf"},
 {"Stadt":"Uster"},
 {"Stadt":"Uzwil"},
 {"Stadt":"Val-de-Ruz"},
 {"Stadt":"Val-de-Travers NE"},
 {"Stadt":"Vernier"},
 {"Stadt":"Versoix"},
 {"Stadt":"Vevey"},
 {"Stadt":"Veyrier"},
 {"Stadt":"Villars-sur-Glâne"},
 {"Stadt":"Volketswil"},
 {"Stadt":"Wädenswil"},
 {"Stadt":"Wald"},
 {"Stadt":"Wallisellen"},
 {"Stadt":"Weinfelden"},
 {"Stadt":"Wettingen"},
 {"Stadt":"Wetzikon"},
 {"Stadt":"Wil"},
 {"Stadt":"Winterthur"},
 {"Stadt":"Wohlen"},
 {"Stadt":"Worb"},
 {"Stadt":"Yverdon-les-Bains"},
 {"Stadt":"Zofingen"},
 {"Stadt":"Zollikofen"},
 {"Stadt":"Zollikon"},
 {"Stadt":"Zug"},
 {"Stadt":"Zürich"}
]
